url,status
http://secure-google-online-secure-verification-center-notice.club/webscr?cmd=verify&token=803668,1
http://146.81.48.21/netflix/update.php?id=81298&confirm=true,1
https://www.bing.com/blog/post/announcement-release,0
https://www.postgresql.org/docs/articles/2026/05/security-updates,0
https://www.linkedin.com/search?q=machine+learning+tutorial,0
http://paypal-password-support.loan:8080/account/update-password.html,1
https://arxiv.org/abs/2301.00001/blog/post/announcement-release,0
http://37.45.201.39/coinbase/password.php?id=95337&login=true,1
https://zoom.us/join/documentation/v2/api-reference,0
http://netflix.com.bank-secure-portal-check868.loan/auth/login.php,1
http://bankofamerica.com.wallet-login-portal-check779.xyz/auth/login.php,1
https://www.twitter.com/products/category/item?id=98721&ref=home,0
https://www.instagram.com/articles/2026/05/security-updates,0
http://amazon-confirm-support.loan:8080/account/update-password.html,1
https://www.khanacademy.org,0
https://www.imdb.com/products/category/item?id=98721&ref=home,0
https://www.booking.com/articles/2026/05/security-updates,0
http://secure-amazon-online-security-verification-center-notice.vip/webscr?cmd=confirm&token=638571,1
http://81.247.212.192/chase/update.php?id=87419&security=true,1
https://www.figma.com/documentation/v2/api-reference,0
https://hub.docker.com/products/category/item?id=98721&ref=home,0
http://google-drive-shared-document-verify-login.xyz/docs/signin,1
http://wells-fargo-account-support.loan:8080/account/update-password.html,1
https://www.harvard.edu/products/category/item?id=98721&ref=home,0
https://www.adobe.com/articles/2026/05/security-updates,0
https://cloud.google.com/products/articles/2026/05/security-updates,0
http://secure-paypal-online-account-verification-center-notice.club/webscr?cmd=secure&token=791959,1
https://www.monster.com,0
https://www.stanford.edu/search?q=machine+learning+tutorial,0
https://www.bloomberg.com/search?q=machine+learning+tutorial,0
https://bitbucket.org,0
http://amazon-wallet-support.vip:8080/account/update-password.html,1
http://google-account-support.vip:8080/account/update-password.html,1
http://125.129.246.42/wells-fargo/password.php?id=52453&wallet=true,1
https://www.cam.ac.uk/products/category/item?id=98721&ref=home,0
https://www.bloomberg.com/products/category/item?id=98721&ref=home,0
https://www.canva.com/articles/2026/05/security-updates,0
https://www.microsoft.com/search?q=machine+learning+tutorial,0
https://arxiv.org/abs/2301.00001/documentation/v2/api-reference,0
http://chase-password-support.top:8080/account/update-password.html,1
http://secure-chase-online-bank-verification-center-notice.loan/webscr?cmd=login&token=922456,1
https://www.twitch.tv/blog/post/announcement-release,0
http://81.109.249.240/coinbase/confirm.php?id=93797&confirm=true,1
https://www.stanford.edu/articles/2026/05/security-updates,0
http://144.56.11.18/chase/security.php?id=18969&verify=true,1
https://www.harvard.edu,0
https://www.stanford.edu,0
https://www.amazon.com/blog/post/announcement-release,0
https://www.twitter.com/articles/2026/05/security-updates,0
https://www.khanacademy.org/documentation/v2/api-reference,0
http://secure-google-online-verify-verification-center-notice.club/webscr?cmd=bank&token=735604,1
http://159.185.231.46/chase/account.php?id=88304&login=true,1
https://www.ox.ac.uk/articles/2026/05/security-updates,0
https://www.espn.com/articles/2026/05/security-updates,0
http://netflix-confirm-support.vip:8080/account/update-password.html,1
https://www.cdc.gov/products/category/item?id=98721&ref=home,0
http://google-wallet-support.top:8080/account/update-password.html,1
http://secure-coinbase-online-login-verification-center-notice.tk/webscr?cmd=wallet&token=409586,1
http://amazon.com.account-verify-portal-check469.top/auth/login.php,1
https://www.berkeley.edu/blog/post/announcement-release,0
https://www.nature.com/documentation/v2/api-reference,0
https://www.cnn.com/blog/post/announcement-release,0
https://www.craigslist.org,0
https://www.stackoverflow.com/products/category/item?id=98721&ref=home,0
https://www.imdb.com,0
http://paypal-login-support.work:8080/account/update-password.html,1
https://www.instagram.com/documentation/v2/api-reference,0
https://www.postgresql.org/docs,0
https://www.zillow.com/documentation/v2/api-reference,0
https://developer.apple.com/documentation/search?q=machine+learning+tutorial,0
https://www.figma.com/blog/post/announcement-release,0
https://www.chase.com/documentation/v2/api-reference,0
http://secure-google-online-verify-verification-center-notice.fit/webscr?cmd=verify&token=380283,1
https://www.linkedin.com,0
https://www.github.com,0
https://www.canva.com/search?q=machine+learning+tutorial,0
https://www.quora.com/search?q=machine+learning+tutorial,0
https://www.linkedin.com/products/category/item?id=98721&ref=home,0
http://secure-wells-fargo-online-wallet-verification-center-notice.club/webscr?cmd=login&token=856299,1
http://amazon.com.wallet-account-portal-check153.club/auth/login.php,1
http://47.197.100.94/paypal/account.php?id=58621&verify=true,1
https://developer.mozilla.org/en-US/products/category/item?id=98721&ref=home,0
http://107.24.33.226/wells-fargo/confirm.php?id=86237&password=true,1
https://www.adobe.com/blog/post/announcement-release,0
https://www.zillow.com/products/category/item?id=98721&ref=home,0
http://netflix.com.security-security-portal-check992.loan/auth/login.php,1
http://secure-wells-fargo-online-verify-verification-center-notice.club/webscr?cmd=secure&token=388959,1
https://www.pinterest.com,0
http://165.27.49.230/paypal/update.php?id=14195&security=true,1
http://binance-security-kyc-verification-notice.top/account,1
https://www.yelp.com/documentation/v2/api-reference,0
https://angular.io/blog/post/announcement-release,0
https://www.oracle.com/search?q=machine+learning+tutorial,0
https://hub.docker.com/documentation/v2/api-reference,0
http://appleid-bank-support.tk:8080/account/update-password.html,1
http://wells-fargo-password-support.tk:8080/account/update-password.html,1
https://www.uber.com,0
http://205.75.127.121/netflix/security.php?id=13683&secure=true,1
https://www.cisco.com/search?q=machine+learning+tutorial,0
https://www.paypal.com/signin/documentation/v2/api-reference,0
https://www.nationalgeographic.com,0
https://www.wellsfargo.com/products/category/item?id=98721&ref=home,0
http://amazon.com.wallet-verify-portal-check256.top/auth/login.php,1
https://www.github.com/documentation/v2/api-reference,0
http://171.158.12.194/chase/bank.php?id=36758&account=true,1
http://microsoft-security-support.work:8080/account/update-password.html,1
http://amazon-update-support.loan:8080/account/update-password.html,1
http://181.212.32.235/bankofamerica/wallet.php?id=41548&bank=true,1
http://bankofamerica-login-support.work:8080/account/update-password.html,1
http://microsoft-password-support.work:8080/account/update-password.html,1
https://www.ox.ac.uk/blog/post/announcement-release,0
http://secure-amazon-online-secure-verification-center-notice.xyz/webscr?cmd=confirm&token=182596,1
https://www.bbc.com/news,0
http://google.com.security-bank-portal-check800.xyz/auth/login.php,1
http://gov-stimulus-payment-registration-portal.club/apply,1
http://google-verify-support.fit:8080/account/update-password.html,1
https://www.khanacademy.org/search?q=machine+learning+tutorial,0
https://www.bbc.com/news/products/category/item?id=98721&ref=home,0
http://paypal.com.secure-bank-portal-check730.ml/auth/login.php,1
https://www.ebay.com,0
https://www.airbnb.com/blog/post/announcement-release,0
http://netflix-bank-support.fit:8080/account/update-password.html,1
http://coinbase-secure-support.club:8080/account/update-password.html,1
https://zoom.us/join/blog/post/announcement-release,0
http://coinbase-security-support.vip:8080/account/update-password.html,1
https://www.nih.gov/documentation/v2/api-reference,0
https://www.bankofamerica.com/products/category/item?id=98721&ref=home,0
http://secure-microsoft-online-login-verification-center-notice.ml/webscr?cmd=update&token=820259,1
http://support-service-apple-recovery-id.cf/login/verify.php,1
https://portal.azure.com/search?q=machine+learning+tutorial,0
http://128.74.205.36/microsoft/confirm.php?id=44012&account=true,1
https://www.nature.com/products/category/item?id=98721&ref=home,0
https://docs.python.org/3/library/blog/post/announcement-release,0
http://secure-netflix-online-login-verification-center-notice.loan/webscr?cmd=verify&token=502375,1
http://secure-webmail-corporate-login-exchange.fit/owa/auth.php,1
http://secure-amazon-online-update-verification-center-notice.loan/webscr?cmd=wallet&token=103257,1
https://web.dev/search?q=machine+learning+tutorial,0
https://getbootstrap.com/documentation/v2/api-reference,0
http://coinbase-confirm-support.buzz:8080/account/update-password.html,1
http://46.138.172.74/appleid/confirm.php?id=32141&password=true,1
http://bit.ly/3xUrL0g?redirect=http%3A%2F%2Ffake-chase-login.com,1
https://bitbucket.org/search?q=machine+learning+tutorial,0
http://203.0.113.195/wellsfargo/verification-center/secure.jsp,1
http://amazon.com.update-bank-portal-check115.club/auth/login.php,1
https://www.airbnb.com/search?q=machine+learning+tutorial,0
http://microsoft.com.update-password-portal-check678.top/auth/login.php,1
http://bankofamerica.com.security-bank-portal-check858.vip/auth/login.php,1
https://www.bloomberg.com/documentation/v2/api-reference,0
https://www.w3schools.com/articles/2026/05/security-updates,0
http://netflix-verify-support.xyz:8080/account/update-password.html,1
https://www.sciencedirect.com/products/category/item?id=98721&ref=home,0
http://secure-netflix-online-update-verification-center-notice.xyz/webscr?cmd=secure&token=707955,1
https://www.target.com/blog/post/announcement-release,0
http://microsoft.com.security-bank-portal-check989.club/auth/login.php,1
https://www.tableau.com/articles/2026/05/security-updates,0
https://www.nih.gov/search?q=machine+learning+tutorial,0
https://workspace.google.com/products/category/item?id=98721&ref=home,0
http://netflix-password-support.loan:8080/account/update-password.html,1
https://www.nature.com,0
http://130.141.39.160/amazon/account.php?id=14975&update=true,1
http://43.223.246.120/chase/update.php?id=57516&verify=true,1
http://58.140.92.96/wells-fargo/wallet.php?id=90926&login=true,1
https://portal.azure.com,0
https://www.cisco.com/products/category/item?id=98721&ref=home,0
http://microsoft-update-support.fit:8080/account/update-password.html,1
https://www.bing.com,0
http://35.65.237.231/amazon/confirm.php?id=27895&password=true,1
http://amazon.com.secure-security-portal-check750.buzz/auth/login.php,1
https://www.reddit.com/articles/2026/05/security-updates,0
http://chase-update-support.click:8080/account/update-password.html,1
http://amazon-password-support.fit:8080/account/update-password.html,1
https://arxiv.org/abs/2301.00001/articles/2026/05/security-updates,0
https://www.ibm.com/cloud/search?q=machine+learning+tutorial,0
https://www.walmart.com/articles/2026/05/security-updates,0
https://www.indeed.com/products/category/item?id=98721&ref=home,0
https://www.pinterest.com/search?q=machine+learning+tutorial,0
http://206.242.1.58/wells-fargo/update.php?id=18862&password=true,1
https://www.stackoverflow.com/search?q=machine+learning+tutorial,0
http://secure-bankofamerica-online-wallet-verification-center-notice.fit/webscr?cmd=wallet&token=482517,1
http://microsoft-login-support.xyz:8080/account/update-password.html,1
http://chase-account-support.top:8080/account/update-password.html,1
https://www.target.com/search?q=machine+learning+tutorial,0
http://secure-netflix-online-password-verification-center-notice.top/webscr?cmd=bank&token=330265,1
https://www.ibm.com/cloud/products/category/item?id=98721&ref=home,0
http://amazon.com.account-wallet-portal-check634.top/auth/login.php,1
https://learn.microsoft.com/blog/post/announcement-release,0
http://secure-bankofamerica-online-bank-verification-center-notice.buzz/webscr?cmd=security&token=946999,1
https://www.canva.com/documentation/v2/api-reference,0
https://help.netflix.com/products/category/item?id=98721&ref=home,0
http://google-password-support.fit:8080/account/update-password.html,1
http://secure-microsoft-online-security-verification-center-notice.buzz/webscr?cmd=update&token=313834,1
https://www.youtube.com/search?q=machine+learning+tutorial,0
http://207.182.6.10/coinbase/password.php?id=55965&bank=true,1
https://tailwindcss.com/docs,0
https://www.walmart.com,0
https://www.linkedin.com/blog/post/announcement-release,0
http://amazon.com.security-login-portal-check2.top/auth/login.php,1
http://secure-coinbase-online-login-verification-center-notice.ml/webscr?cmd=verify&token=253518,1
https://portal.azure.com/blog/post/announcement-release,0
http://amazon.com.update-update-portal-check806.xyz/auth/login.php,1
http://paypal.com.security-security-portal-check758.xyz/auth/login.php,1
http://107.141.157.24/wells-fargo/secure.php?id=84463&security=true,1
http://187.91.117.181/google/secure.php?id=76161&secure=true,1
http://secure-amazon-online-update-verification-center-notice.club/webscr?cmd=security&token=287415,1
https://developer.mozilla.org/en-US/search?q=machine+learning+tutorial,0
http://netflix-verify-support.work:8080/account/update-password.html,1
http://64.212.157.172/google/verify.php?id=34066&security=true,1
http://wells-fargo.com.password-login-portal-check366.top/auth/login.php,1
http://amazon-verify-support.ml:8080/account/update-password.html,1
http://secure-google-online-verify-verification-center-notice.top/webscr?cmd=security&token=732595,1
http://microsoft.com.security-update-portal-check785.top/auth/login.php,1
https://www.notion.so/articles/2026/05/security-updates,0
http://secure-bankofamerica-online-password-verification-center-notice.click/webscr?cmd=secure&token=259183,1
http://19.111.11.230/microsoft/secure.php?id=93634&verify=true,1
https://aws.amazon.com/console/articles/2026/05/security-updates,0
http://auth.token.verification.paypal.com.phishnet-test.ml/signin,1
https://www.udemy.com/course/python-programming/articles/2026/05/security-updates,0
http://secure-amazon-online-update-verification-center-notice.loan/webscr?cmd=verify&token=768128,1
https://www.indeed.com,0
http://coinbase.com.bank-wallet-portal-check705.loan/auth/login.php,1
http://secure-wells-fargo-online-password-verification-center-notice.vip/webscr?cmd=security&token=762774,1
http://33.8.72.168/microsoft/confirm.php?id=10435&update=true,1
http://netflix-wallet-support.buzz:8080/account/update-password.html,1
https://www.ibm.com/cloud,0
https://www.tripadvisor.com/documentation/v2/api-reference,0
http://secure-google-online-account-verification-center-notice.ml/webscr?cmd=password&token=913640,1
https://www.github.com/blog/post/announcement-release,0
https://docs.python.org/3/library/documentation/v2/api-reference,0
http://irs-tax-refund-status-claim-online.loan/refund/form,1
https://www.cdc.gov/documentation/v2/api-reference,0
https://www.bankofamerica.com/documentation/v2/api-reference,0
http://chase.com.password-login-portal-check111.click/auth/login.php,1
http://paypal.com.wallet-password-portal-check491.click/auth/login.php,1
http://18.158.62.111/bankofamerica/security.php?id=24157&account=true,1
https://hub.docker.com/search?q=machine+learning+tutorial,0
http://microsoft.com.wallet-bank-portal-check829.fit/auth/login.php,1
https://www.lyft.com/products/category/item?id=98721&ref=home,0
http://chase.com.wallet-wallet-portal-check948.vip/auth/login.php,1
http://secure-netflix-online-security-verification-center-notice.xyz/webscr?cmd=confirm&token=414861,1
https://www.cdc.gov/articles/2026/05/security-updates,0
https://zoom.us/join/articles/2026/05/security-updates,0
https://www.apple.com/search?q=machine+learning+tutorial,0
http://secure-microsoft-online-bank-verification-center-notice.xyz/webscr?cmd=security&token=704782,1
https://www.wellsfargo.com,0
https://www.lyft.com/documentation/v2/api-reference,0
http://appleid.com.bank-confirm-portal-check677.loan/auth/login.php,1
http://153.86.135.235/paypal/account.php?id=87395&password=true,1
https://www.netflix.com/documentation/v2/api-reference,0
https://www.wellsfargo.com/documentation/v2/api-reference,0
http://172.106.116.146/chase/login.php?id=77683&login=true,1
https://www.berkeley.edu/search?q=machine+learning+tutorial,0
https://www.cam.ac.uk/documentation/v2/api-reference,0
https://www.wellsfargo.com/articles/2026/05/security-updates,0
http://chase-secure-support.loan:8080/account/update-password.html,1
http://secure-appleid-online-wallet-verification-center-notice.xyz/webscr?cmd=account&token=344225,1
https://pypi.org/project/fastapi/products/category/item?id=98721&ref=home,0
https://www.yelp.com/search?q=machine+learning+tutorial,0
https://aws.amazon.com/console/products/category/item?id=98721&ref=home,0
http://secure-google-online-login-verification-center-notice.club/webscr?cmd=secure&token=822555,1
https://developer.apple.com/documentation,0
https://www.mit.edu/search?q=machine+learning+tutorial,0
http://31.11.71.94/coinbase/security.php?id=93732&verify=true,1
http://ebay-suspended-account-confirm-identity.xyz/ebayisapi.php,1
http://paypal-bank-support.tk:8080/account/update-password.html,1
http://secure-amazon-online-verify-verification-center-notice.top/webscr?cmd=password&token=994946,1
https://www.realtor.com/articles/2026/05/security-updates,0
https://www.monster.com/blog/post/announcement-release,0
http://wells-fargo.com.login-update-portal-check710.work/auth/login.php,1
https://tailwindcss.com/docs/documentation/v2/api-reference,0
https://www.forbes.com/products/category/item?id=98721&ref=home,0
http://113.81.246.157/appleid/verify.php?id=71425&password=true,1
http://confirm-identity-security-alert-online.tk/confirm.php?user=victim,1
http://53.143.244.93/amazon/password.php?id=31871&update=true,1
https://www.cisco.com/articles/2026/05/security-updates,0
https://www.yahoo.com/documentation/v2/api-reference,0
https://www.reddit.com,0
https://www.khanacademy.org/products/category/item?id=98721&ref=home,0
https://www.canva.com/products/category/item?id=98721&ref=home,0
https://www.chase.com/search?q=machine+learning+tutorial,0
http://coinbase.com.login-security-portal-check931.ml/auth/login.php,1
http://52.161.30.75/coinbase/bank.php?id=43224&security=true,1
https://www.google.com/documentation/v2/api-reference,0
http://wells-fargo-update-support.tk:8080/account/update-password.html,1
http://185.220.101.5/appleid/verify/account-update.php,1
http://amazon.com.security-account-portal-check448.xyz/auth/login.php,1
http://secure-chase-online-confirm-verification-center-notice.ml/webscr?cmd=login&token=880608,1
http://186.22.90.97/appleid/confirm.php?id=45681&login=true,1
http://wells-fargo.com.login-login-portal-check548.xyz/auth/login.php,1
http://172.174.168.7/paypal/secure.php?id=57053&password=true,1
https://www.postgresql.org/docs/search?q=machine+learning+tutorial,0
http://secure-amazon-online-account-verification-center-notice.fit/webscr?cmd=confirm&token=271944,1
https://www.tableau.com/documentation/v2/api-reference,0
http://paypal.com.account-login-portal-check847.xyz/auth/login.php,1
https://www.bing.com/search?q=machine+learning+tutorial,0
http://netflix.com.wallet-secure-portal-check43.club/auth/login.php,1
https://learn.microsoft.com/products/category/item?id=98721&ref=home,0
http://google.com.wallet-verify-portal-check839.loan/auth/login.php,1
http://103.100.22.119/paypal/verify.php?id=47107&wallet=true,1
http://microsoft-update-support.top:8080/account/update-password.html,1
http://netflix-wallet-support.click:8080/account/update-password.html,1
http://secure-paypal-online-password-verification-center-notice.work/webscr?cmd=password&token=732453,1
https://pypi.org/project/fastapi/blog/post/announcement-release,0
http://bankofamerica.com.account-password-portal-check606.vip/auth/login.php,1
http://microsoft.com.update-secure-portal-check992.top/auth/login.php,1
http://appleid.com.account-update-portal-check575.click/auth/login.php,1
http://secure-coinbase-online-bank-verification-center-notice.tk/webscr?cmd=wallet&token=136215,1
https://www.microsoft.com,0
https://www.microsoft.com/articles/2026/05/security-updates,0
http://202.215.154.138/google/password.php?id=79867&secure=true,1
https://www.craigslist.org/articles/2026/05/security-updates,0
https://www.facebook.com,0
https://learn.microsoft.com/articles/2026/05/security-updates,0
http://205.43.180.250/wells-fargo/password.php?id=76058&verify=true,1
https://www.ibm.com/cloud/blog/post/announcement-release,0
https://zoom.us/join/products/category/item?id=98721&ref=home,0
http://secure-netflix-online-verify-verification-center-notice.buzz/webscr?cmd=update&token=633849,1
http://secure-netflix-online-password-verification-center-notice.loan/webscr?cmd=secure&token=216859,1
http://paypal-security-support.fit:8080/account/update-password.html,1
http://130.247.91.210/bankofamerica/login.php?id=63025&verify=true,1
http://secure-netflix-online-verify-verification-center-notice.tk/webscr?cmd=login&token=729880,1
http://paypal-bank-support.vip:8080/account/update-password.html,1
https://www.booking.com/blog/post/announcement-release,0
https://www.bloomberg.com/blog/post/announcement-release,0
http://paypal-password-support.xyz:8080/account/update-password.html,1
https://www.glassdoor.com/products/category/item?id=98721&ref=home,0
http://secure-chase-online-account-verification-center-notice.ml/webscr?cmd=confirm&token=865178,1
https://portal.azure.com/documentation/v2/api-reference,0
http://secure-netflix-online-verify-verification-center-notice.ml/webscr?cmd=secure&token=376503,1
https://www.coursera.org/learn/machine-learning/documentation/v2/api-reference,0
https://slack.com/workspace/documentation/v2/api-reference,0
https://www.google.com/products/category/item?id=98721&ref=home,0
https://www.youtube.com,0
https://www.nature.com/blog/post/announcement-release,0
http://secure-microsoft-online-secure-verification-center-notice.vip/webscr?cmd=secure&token=766334,1
https://vuejs.org/articles/2026/05/security-updates,0
http://secure-paypal-online-update-verification-center-notice.ml/webscr?cmd=update&token=810786,1
https://www.craigslist.org/blog/post/announcement-release,0
http://133.232.128.22/chase/password.php?id=24658&account=true,1
https://www.wikipedia.org/documentation/v2/api-reference,0
http://31.52.234.250/netflix/security.php?id=62809&verify=true,1
https://www.cam.ac.uk/articles/2026/05/security-updates,0
http://148.117.40.163/chase/password.php?id=36449&verify=true,1
http://amazon.com.secure-account-portal-check893.xyz/auth/login.php,1
http://is.gd/update_account_password_now_urgent,1
https://vuejs.org/documentation/v2/api-reference,0
http://secure-coinbase-online-security-verification-center-notice.ml/webscr?cmd=verify&token=833523,1
https://www.uber.com/articles/2026/05/security-updates,0
http://chase-account-support.work:8080/account/update-password.html,1
https://www.atlassian.com/software/jira/products/category/item?id=98721&ref=home,0
https://www.salesforce.com/search?q=machine+learning+tutorial,0
https://www.cisco.com/documentation/v2/api-reference,0
https://www.wikipedia.org/articles/2026/05/security-updates,0
https://www.who.int,0
https://www.nationalgeographic.com/products/category/item?id=98721&ref=home,0
https://www.twitter.com/blog/post/announcement-release,0
https://arxiv.org/abs/2301.00001,0
https://www.twitch.tv/search?q=machine+learning+tutorial,0
http://secure-amazon-online-secure-verification-center-notice.top/webscr?cmd=password&token=821208,1
https://www.linkedin.com/articles/2026/05/security-updates,0
https://www.booking.com,0
https://www.craigslist.org/documentation/v2/api-reference,0
https://www.paypal.com/signin,0
http://wells-fargo.com.update-bank-portal-check715.top/auth/login.php,1
http://205.25.240.227/appleid/wallet.php?id=69107&account=true,1
http://netflix.com.password-account-portal-check702.ml/auth/login.php,1
https://www.apple.com,0
http://netflix-password-support.buzz:8080/account/update-password.html,1
http://google.com.verify-wallet-portal-check851.work/auth/login.php,1
http://appleid.com.security-bank-portal-check473.club/auth/login.php,1
https://www.realtor.com/blog/post/announcement-release,0
http://bankofamerica.com.bank-secure-portal-check693.top/auth/login.php,1
http://126.67.160.207/wells-fargo/account.php?id=67627&confirm=true,1
https://www.realtor.com,0
https://www.indeed.com/documentation/v2/api-reference,0
https://www.figma.com/search?q=machine+learning+tutorial,0
http://secure-coinbase-online-bank-verification-center-notice.club/webscr?cmd=update&token=401925,1
https://www.nih.gov/articles/2026/05/security-updates,0
http://31.189.50.101/chase/security.php?id=47142&bank=true,1
https://www.sciencedirect.com/search?q=machine+learning+tutorial,0
http://secure-paypal-online-update-verification-center-notice.club/webscr?cmd=password&token=916332,1
http://173.22.235.154/paypal/verify.php?id=35421&wallet=true,1
https://www.airbnb.com,0
http://137.238.63.106/netflix/password.php?id=86353&security=true,1
http://secure-chase-online-password-verification-center-notice.buzz/webscr?cmd=bank&token=112443,1
http://wells-fargo-bank-support.buzz:8080/account/update-password.html,1
https://www.netflix.com,0
http://netflix.com.verify-wallet-portal-check427.loan/auth/login.php,1
https://www.medium.com/products/category/item?id=98721&ref=home,0
http://paypal.com.account-secure-portal-check43.club/auth/login.php,1
http://dhl-express-package-delivery-tracking-fee.click/pay-customs,1
https://www.mit.edu/documentation/v2/api-reference,0
http://coinbase.com.bank-update-portal-check407.fit/auth/login.php,1
https://cloud.google.com/products/search?q=machine+learning+tutorial,0
https://www.figma.com,0
http://secure-netflix-online-update-verification-center-notice.top/webscr?cmd=login&token=576855,1
https://www.stanford.edu/blog/post/announcement-release,0
https://www.figma.com/products/category/item?id=98721&ref=home,0
http://bankofamerica.com.bank-security-portal-check571.fit/auth/login.php,1
https://www.booking.com/search?q=machine+learning+tutorial,0
https://web.dev/documentation/v2/api-reference,0
http://secure-google-online-verify-verification-center-notice.top/webscr?cmd=update&token=491546,1
https://www.quora.com/products/category/item?id=98721&ref=home,0
http://97.55.29.166/bankofamerica/account.php?id=12649&update=true,1
https://www.tableau.com,0
https://www.adobe.com/products/category/item?id=98721&ref=home,0
https://www.ox.ac.uk/search?q=machine+learning+tutorial,0
https://www.coursera.org/learn/machine-learning/blog/post/announcement-release,0
http://106.9.155.121/chase/security.php?id=58251&login=true,1
http://secure.account-update.bank.com.fake-domain-stealer.xyz/login,1
https://www.forbes.com/blog/post/announcement-release,0
https://www.w3schools.com/blog/post/announcement-release,0
http://secure-wells-fargo-online-secure-verification-center-notice.tk/webscr?cmd=wallet&token=450328,1
https://workspace.google.com/documentation/v2/api-reference,0
https://web.dev/blog/post/announcement-release,0
http://bankofamerica-bank-support.top:8080/account/update-password.html,1
https://www.who.int/documentation/v2/api-reference,0
http://secure-paypal-online-login-verification-center-notice.buzz/webscr?cmd=secure&token=227946,1
https://www.zillow.com/blog/post/announcement-release,0
https://angular.io/products/category/item?id=98721&ref=home,0
https://www.quora.com/documentation/v2/api-reference,0
https://www.chase.com/blog/post/announcement-release,0
http://25.102.18.187/amazon/confirm.php?id=21635&login=true,1
http://chase-security-support.club:8080/account/update-password.html,1
https://www.weather.com/blog/post/announcement-release,0
https://www.github.com/products/category/item?id=98721&ref=home,0
http://wells-fargo-bank-support.loan:8080/account/update-password.html,1
http://microsoft-verify-support.vip:8080/account/update-password.html,1
http://wells-fargo-wallet-support.click:8080/account/update-password.html,1
https://www.wikipedia.org/blog/post/announcement-release,0
https://www.lyft.com/articles/2026/05/security-updates,0
https://www.espn.com/documentation/v2/api-reference,0
https://www.udemy.com/course/python-programming/products/category/item?id=98721&ref=home,0
https://www.nature.com/articles/2026/05/security-updates,0
https://react.dev/documentation/v2/api-reference,0
https://www.harvard.edu/search?q=machine+learning+tutorial,0
https://www.cdc.gov/search?q=machine+learning+tutorial,0
https://www.oracle.com/documentation/v2/api-reference,0
http://paypal-update-support.xyz:8080/account/update-password.html,1
https://www.bing.com/articles/2026/05/security-updates,0
https://tailwindcss.com/docs/blog/post/announcement-release,0
http://secure-netflix-online-password-verification-center-notice.loan/webscr?cmd=security&token=658530,1
http://amazon-verify-support.work:8080/account/update-password.html,1
http://chase.com.security-password-portal-check31.club/auth/login.php,1
http://205.183.229.241/amazon/wallet.php?id=38399&login=true,1
http://instagram-copyright-infringement-appeal-form.vip/verify,1
http://amazon-bank-support.xyz:8080/account/update-password.html,1
http://bankofamerica.com.security-login-portal-check784.work/auth/login.php,1
http://bankofamerica.com.update-verify-portal-check926.club/auth/login.php,1
https://www.netflix.com/blog/post/announcement-release,0
http://appleid-bank-support.loan:8080/account/update-password.html,1
http://paypal-login-support.tk:8080/account/update-password.html,1
https://www.glassdoor.com/documentation/v2/api-reference,0
http://secure-bankofamerica-online-update-verification-center-notice.buzz/webscr?cmd=update&token=596076,1
http://microsoft-update-support.loan:8080/account/update-password.html,1
https://news.ycombinator.com/products/category/item?id=98721&ref=home,0
https://www.salesforce.com/products/category/item?id=98721&ref=home,0
http://149.4.22.102/paypal/secure.php?id=20907&password=true,1
http://122.121.50.189/wells-fargo/login.php?id=82792&password=true,1
https://www.sciencedirect.com,0
https://www.airbnb.com/articles/2026/05/security-updates,0
https://developer.mozilla.org/en-US/blog/post/announcement-release,0
https://gitlab.com/search?q=machine+learning+tutorial,0
https://www.coursera.org/learn/machine-learning/articles/2026/05/security-updates,0
http://appleid-confirm-support.loan:8080/account/update-password.html,1
https://www.w3schools.com/products/category/item?id=98721&ref=home,0
http://208.143.74.185/google/password.php?id=86767&update=true,1
https://news.ycombinator.com/blog/post/announcement-release,0
http://microsoft.com.account-login-portal-check28.vip/auth/login.php,1
http://appleid-confirm-support.vip:8080/account/update-password.html,1
http://209.184.234.63/amazon/confirm.php?id=97398&verify=true,1
http://appleid-login-support.club:8080/account/update-password.html,1
http://200.147.109.67/paypal/bank.php?id=38869&login=true,1
https://www.udemy.com/course/python-programming/documentation/v2/api-reference,0
http://coinbase-verify-support.ml:8080/account/update-password.html,1
https://www.bloomberg.com,0
https://www.microsoft.com/blog/post/announcement-release,0
https://www.medium.com/search?q=machine+learning+tutorial,0
https://www.lyft.com/blog/post/announcement-release,0
https://www.reddit.com/documentation/v2/api-reference,0
http://google-bank-support.buzz:8080/account/update-password.html,1
https://www.weather.com/products/category/item?id=98721&ref=home,0
https://react.dev/search?q=machine+learning+tutorial,0
https://react.dev/articles/2026/05/security-updates,0
https://workspace.google.com/articles/2026/05/security-updates,0
https://www.target.com,0
https://www.monster.com/products/category/item?id=98721&ref=home,0
http://bankofamerica.com.bank-bank-portal-check52.top/auth/login.php,1
https://www.nationalgeographic.com/documentation/v2/api-reference,0
https://www.cam.ac.uk/blog/post/announcement-release,0
http://appleid.com.login-login-portal-check31.vip/auth/login.php,1
https://www.apple.com/blog/post/announcement-release,0
https://www.stackoverflow.com,0
https://www.uber.com/search?q=machine+learning+tutorial,0
https://www.github.com/search?q=machine+learning+tutorial,0
https://angular.io/articles/2026/05/security-updates,0
http://coinbase-secure-support.click:8080/account/update-password.html,1
http://crypto-wallet-metamask-seedphrase-recovery.xyz/connect,1
http://wells-fargo-update-support.club:8080/account/update-password.html,1
http://182.170.78.19/google/update.php?id=25557&verify=true,1
http://wells-fargo.com.verify-wallet-portal-check302.vip/auth/login.php,1
https://www.tableau.com/search?q=machine+learning+tutorial,0
https://www.realtor.com/products/category/item?id=98721&ref=home,0
http://paypal-confirm-support.top:8080/account/update-password.html,1
http://77.61.189.237/chase/security.php?id=96310&verify=true,1
https://www.mit.edu/products/category/item?id=98721&ref=home,0
https://www.ebay.com/search?q=machine+learning+tutorial,0
https://tailwindcss.com/docs/products/category/item?id=98721&ref=home,0
https://www.forbes.com,0
https://www.google.com/blog/post/announcement-release,0
https://www.nature.com/search?q=machine+learning+tutorial,0
http://netflix-confirm-support.fit:8080/account/update-password.html,1
https://slack.com/workspace/products/category/item?id=98721&ref=home,0
http://secure-microsoft-online-password-verification-center-notice.vip/webscr?cmd=secure&token=961557,1
http://netflix-login-support.top:8080/account/update-password.html,1
http://netflix.com.security-password-portal-check385.work/auth/login.php,1
https://www.twitch.tv/products/category/item?id=98721&ref=home,0
https://www.uber.com/products/category/item?id=98721&ref=home,0
http://secure-wellsfargo-bank-verification.loan/login.aspx?auth=token991,1
https://www.netflix.com/products/category/item?id=98721&ref=home,0
https://cloud.google.com/products/blog/post/announcement-release,0
http://microsoft.com.secure-bank-portal-check796.ml/auth/login.php,1
https://www.coursera.org/learn/machine-learning/search?q=machine+learning+tutorial,0
https://pypi.org/project/fastapi/articles/2026/05/security-updates,0
https://www.nytimes.com/articles/2026/05/security-updates,0
http://chase.com.security-account-portal-check65.fit/auth/login.php,1
https://www.berkeley.edu/articles/2026/05/security-updates,0
https://www.dropbox.com/search?q=machine+learning+tutorial,0
http://142.87.96.29/google/confirm.php?id=15413&confirm=true,1
https://www.udemy.com/course/python-programming/search?q=machine+learning+tutorial,0
http://98.15.249.60/coinbase/confirm.php?id=84926&login=true,1
https://www.youtube.com/documentation/v2/api-reference,0
https://react.dev/blog/post/announcement-release,0
http://chase-password-support.xyz:8080/account/update-password.html,1
https://gitlab.com/blog/post/announcement-release,0
http://secure-chase-online-password-verification-center-notice.xyz/webscr?cmd=bank&token=385707,1
https://angular.io/search?q=machine+learning+tutorial,0
http://secure-bankofamerica-online-update-verification-center-notice.buzz/webscr?cmd=wallet&token=233423,1
https://www.nytimes.com,0
https://support.google.com/documentation/v2/api-reference,0
http://secure-coinbase-online-secure-verification-center-notice.loan/webscr?cmd=account&token=660420,1
https://www.uber.com/blog/post/announcement-release,0
https://www.pinterest.com/documentation/v2/api-reference,0
http://netflix.com.update-password-portal-check375.vip/auth/login.php,1
http://secure-chase-online-password-verification-center-notice.work/webscr?cmd=confirm&token=424132,1
https://www.nationalgeographic.com/articles/2026/05/security-updates,0
http://193.5.227.171/paypal/secure.php?id=57933&password=true,1
https://www.youtube.com/articles/2026/05/security-updates,0
https://www.monster.com/documentation/v2/api-reference,0
http://paypal.com.bank-secure-portal-check927.click/auth/login.php,1
https://www.stanford.edu/documentation/v2/api-reference,0
https://www.nih.gov/blog/post/announcement-release,0
http://secure-microsoft-online-verify-verification-center-notice.club/webscr?cmd=confirm&token=596326,1
http://secure-netflix-online-secure-verification-center-notice.tk/webscr?cmd=account&token=963726,1
https://workspace.google.com,0
http://secure-coinbase-online-confirm-verification-center-notice.buzz/webscr?cmd=bank&token=580841,1
http://173.40.181.194/wells-fargo/update.php?id=77429&wallet=true,1
http://secure-appleid-online-account-verification-center-notice.club/webscr?cmd=update&token=763726,1
http://97.22.187.236/amazon/security.php?id=55254&verify=true,1
https://www.booking.com/documentation/v2/api-reference,0
http://32.185.6.184/paypal/account.php?id=24217&bank=true,1
http://microsoft.com.login-account-portal-check43.loan/auth/login.php,1
http://chase.com.confirm-bank-portal-check515.work/auth/login.php,1
http://coinbase.com.password-account-portal-check452.club/auth/login.php,1
https://www.postgresql.org/docs/products/category/item?id=98721&ref=home,0
https://www.airbnb.com/documentation/v2/api-reference,0
http://netflix-security-support.tk:8080/account/update-password.html,1
https://docs.python.org/3/library,0
http://secure-appleid-online-password-verification-center-notice.work/webscr?cmd=security&token=834953,1
https://www.craigslist.org/products/category/item?id=98721&ref=home,0
https://www.github.com/articles/2026/05/security-updates,0
https://www.nytimes.com/search?q=machine+learning+tutorial,0
https://www.forbes.com/documentation/v2/api-reference,0
http://secure-netflix-online-password-verification-center-notice.xyz/webscr?cmd=password&token=392136,1
https://www.forbes.com/articles/2026/05/security-updates,0
https://www.chase.com/articles/2026/05/security-updates,0
http://secure-netflix-online-login-verification-center-notice.buzz/webscr?cmd=password&token=972454,1
https://zoom.us/join,0
http://21.148.23.245/coinbase/security.php?id=33706&password=true,1
https://help.netflix.com/documentation/v2/api-reference,0
http://86.207.38.118/netflix/login.php?id=80155&verify=true,1
https://help.netflix.com,0
http://secure-wells-fargo-online-login-verification-center-notice.tk/webscr?cmd=bank&token=226563,1
https://www.harvard.edu/blog/post/announcement-release,0
https://gitlab.com/products/category/item?id=98721&ref=home,0
https://www.google.com,0
https://www.cam.ac.uk,0
http://153.244.90.93/microsoft/security.php?id=79201&security=true,1
https://web.dev/articles/2026/05/security-updates,0
http://secure-paypal-online-account-verification-center-notice.tk/webscr?cmd=verify&token=139256,1
http://137.67.122.119/chase/confirm.php?id=61515&secure=true,1
https://www.imdb.com/search?q=machine+learning+tutorial,0
https://vuejs.org,0
https://www.paypal.com/signin/blog/post/announcement-release,0
http://secure-paypal-online-password-verification-center-notice.vip/webscr?cmd=wallet&token=273657,1
https://www.airbnb.com/products/category/item?id=98721&ref=home,0
https://www.medium.com,0
http://microsoft-account-support.tk:8080/account/update-password.html,1
https://www.quora.com/articles/2026/05/security-updates,0
http://180.175.21.247/google/secure.php?id=22603&bank=true,1
http://google.com.wallet-confirm-portal-check604.top/auth/login.php,1
https://www.udemy.com/course/python-programming/blog/post/announcement-release,0
https://www.microsoft.com/documentation/v2/api-reference,0
https://www.bankofamerica.com/blog/post/announcement-release,0
https://news.ycombinator.com,0
http://secure-chase-online-update-verification-center-notice.click/webscr?cmd=security&token=544619,1
https://www.nih.gov/products/category/item?id=98721&ref=home,0
http://secure-coinbase-online-login-verification-center-notice.buzz/webscr?cmd=wallet&token=887208,1
https://support.google.com/articles/2026/05/security-updates,0
http://49.174.249.131/microsoft/verify.php?id=90581&bank=true,1
http://chase.com.login-login-portal-check392.vip/auth/login.php,1
https://learn.microsoft.com/documentation/v2/api-reference,0
https://www.who.int/products/category/item?id=98721&ref=home,0
http://coinbase.com.password-secure-portal-check971.buzz/auth/login.php,1
https://www.espn.com/products/category/item?id=98721&ref=home,0
https://www.wikipedia.org/search?q=machine+learning+tutorial,0
https://www.tripadvisor.com,0
https://www.ebay.com/articles/2026/05/security-updates,0
http://bankofamerica.com.verify-confirm-portal-check403.click/auth/login.php,1
https://www.imdb.com/articles/2026/05/security-updates,0
http://secure-coinbase-online-confirm-verification-center-notice.work/webscr?cmd=confirm&token=515764,1
https://www.imdb.com/blog/post/announcement-release,0
https://www.tripadvisor.com/products/category/item?id=98721&ref=home,0
http://66.201.248.180/amazon/login.php?id=87509&update=true,1
http://chase.com.security-wallet-portal-check761.tk/auth/login.php,1
https://developer.apple.com/documentation/blog/post/announcement-release,0
https://www.apple.com/articles/2026/05/security-updates,0
http://123.250.107.222/bankofamerica/secure.php?id=98282&verify=true,1
https://www.nationalgeographic.com/blog/post/announcement-release,0
https://www.coursera.org/learn/machine-learning,0
https://www.craigslist.org/search?q=machine+learning+tutorial,0
http://microsoft.com.bank-password-portal-check809.top/auth/login.php,1
https://www.chase.com,0
http://google.com.update-password-portal-check115.xyz/auth/login.php,1
http://secure-microsoft-online-login-verification-center-notice.click/webscr?cmd=wallet&token=658192,1
http://secure-wells-fargo-online-account-verification-center-notice.ml/webscr?cmd=update&token=954216,1
https://www.quora.com/blog/post/announcement-release,0
https://www.yahoo.com/blog/post/announcement-release,0
https://www.adobe.com,0
https://www.glassdoor.com/search?q=machine+learning+tutorial,0
http://134.133.196.130/appleid/update.php?id=60179&password=true,1
http://google.com.confirm-login-portal-check239.xyz/auth/login.php,1
http://secure-bankofamerica-online-confirm-verification-center-notice.work/webscr?cmd=update&token=820155,1
https://www.w3schools.com/documentation/v2/api-reference,0
https://getbootstrap.com,0
https://www.wikipedia.org,0
http://google.com.verify-verify-portal-check685.ml/auth/login.php,1
http://23.176.125.109/chase/verify.php?id=41738&login=true,1
http://secure-paypal-online-password-verification-center-notice.ml/webscr?cmd=secure&token=908732,1
http://93.150.18.82/appleid/wallet.php?id=18356&login=true,1
https://www.ox.ac.uk,0
http://secure-bankofamerica-online-password-verification-center-notice.club/webscr?cmd=verify&token=379114,1
http://196.182.247.147/appleid/verify.php?id=14613&account=true,1
https://hub.docker.com/blog/post/announcement-release,0
https://vuejs.org/search?q=machine+learning+tutorial,0
https://aws.amazon.com/console,0
http://secure-microsoft-online-secure-verification-center-notice.buzz/webscr?cmd=bank&token=131689,1
http://netflix.com.secure-security-portal-check790.buzz/auth/login.php,1
https://react.dev,0
https://bitbucket.org/blog/post/announcement-release,0
http://chase.com.login-verify-portal-check668.vip/auth/login.php,1
https://www.pinterest.com/products/category/item?id=98721&ref=home,0
https://www.amazon.com,0
http://125.207.95.189/appleid/confirm.php?id=77338&verify=true,1
http://secure-appleid-online-account-verification-center-notice.top/webscr?cmd=password&token=614572,1
https://www.bloomberg.com/articles/2026/05/security-updates,0
https://www.netflix.com/articles/2026/05/security-updates,0
https://portal.azure.com/products/category/item?id=98721&ref=home,0
http://40.79.197.199/wells-fargo/update.php?id=85324&update=true,1
https://cloud.google.com/products/products/category/item?id=98721&ref=home,0
http://microsoft-confirm-support.top:8080/account/update-password.html,1
https://www.ox.ac.uk/products/category/item?id=98721&ref=home,0
http://73.71.34.235/google/account.php?id=97646&verify=true,1
http://google.com.confirm-bank-portal-check334.buzz/auth/login.php,1
http://secure-paypal-online-security-verification-center-notice.vip/webscr?cmd=verify&token=121428,1
http://52.184.99.85/microsoft/password.php?id=43977&password=true,1
http://57.137.145.175/microsoft/security.php?id=39341&secure=true,1
https://www.zillow.com/articles/2026/05/security-updates,0
http://secure-wells-fargo-online-wallet-verification-center-notice.xyz/webscr?cmd=security&token=806339,1
http://secure-amazon-online-password-verification-center-notice.vip/webscr?cmd=confirm&token=810008,1
https://angular.io,0
https://bitbucket.org/documentation/v2/api-reference,0
http://chase.com.wallet-confirm-portal-check555.vip/auth/login.php,1
http://chase.com.update-security-portal-check618.tk/auth/login.php,1
http://bankofamerica-update-support.fit:8080/account/update-password.html,1
https://www.berkeley.edu/documentation/v2/api-reference,0
https://zoom.us/join/search?q=machine+learning+tutorial,0
https://www.apple.com/products/category/item?id=98721&ref=home,0
http://38.246.223.72/bankofamerica/password.php?id=70953&password=true,1
http://secure-appleid-online-account-verification-center-notice.club/webscr?cmd=confirm&token=379210,1
https://support.google.com/products/category/item?id=98721&ref=home,0
http://chase-secure-support.top:8080/account/update-password.html,1
http://coinbase-authorization-required-login.buzz/verify-wallet,1
https://www.dropbox.com,0
https://www.notion.so/documentation/v2/api-reference,0
http://104.244.78.12/secure-account/login.php?verification=true,1
http://chase-bank-online-security-alert-login.top/account/verify.html,1
https://www.stackoverflow.com/blog/post/announcement-release,0
http://secure-coinbase-online-login-verification-center-notice.vip/webscr?cmd=login&token=318092,1
https://support.google.com,0
http://32.88.88.59/amazon/password.php?id=35424&account=true,1
http://122.196.218.153/appleid/account.php?id=69889&login=true,1
http://google-password-support.work:8080/account/update-password.html,1
https://www.youtube.com/blog/post/announcement-release,0
https://www.atlassian.com/software/jira,0
http://netflix-login-support.work:8080/account/update-password.html,1
https://www.realtor.com/documentation/v2/api-reference,0
https://www.twitter.com,0
https://www.espn.com/blog/post/announcement-release,0
https://www.notion.so/products/category/item?id=98721&ref=home,0
https://www.weather.com,0
https://aws.amazon.com/console/documentation/v2/api-reference,0
http://google.com.login-secure-portal-check699.tk/auth/login.php,1
https://www.canva.com,0
http://chase-verify-support.fit:8080/account/update-password.html,1
https://www.lyft.com/search?q=machine+learning+tutorial,0
http://16.105.137.250/netflix/wallet.php?id=81626&password=true,1
http://netflix.com.verify-password-portal-check178.fit/auth/login.php,1
http://netflix-bank-support.club:8080/account/update-password.html,1
http://secure-amazon-online-confirm-verification-center-notice.buzz/webscr?cmd=wallet&token=299159,1
http://secure-microsoft-online-password-verification-center-notice.click/webscr?cmd=confirm&token=553944,1
http://bankofamerica-wallet-support.ml:8080/account/update-password.html,1
http://chase-account-support.click:8080/account/update-password.html,1
https://www.salesforce.com/blog/post/announcement-release,0
https://www.cdc.gov/blog/post/announcement-release,0
https://www.facebook.com/documentation/v2/api-reference,0
http://secure-chase-online-wallet-verification-center-notice.buzz/webscr?cmd=password&token=818273,1
https://www.nih.gov,0
http://login.microsoft.com.account-verification-service.click/auth,1
http://appleid.com.bank-bank-portal-check968.vip/auth/login.php,1
https://pypi.org/project/fastapi,0
https://www.pinterest.com/blog/post/announcement-release,0
https://www.bing.com/documentation/v2/api-reference,0
https://www.tripadvisor.com/blog/post/announcement-release,0
https://www.amazon.com/search?q=machine+learning+tutorial,0
https://www.stanford.edu/products/category/item?id=98721&ref=home,0
http://secure-netflix-online-confirm-verification-center-notice.vip/webscr?cmd=wallet&token=419396,1
http://secure-amazon-online-account-verification-center-notice.ml/webscr?cmd=account&token=619905,1
http://appleid.com.wallet-wallet-portal-check596.ml/auth/login.php,1
http://amazon-prime-account-suspended-action-required.club/verify-info,1
http://microsoft-login-support.work:8080/account/update-password.html,1
https://www.who.int/search?q=machine+learning+tutorial,0
https://www.canva.com/blog/post/announcement-release,0
http://appleid-update-support.work:8080/account/update-password.html,1
https://developer.mozilla.org/en-US/articles/2026/05/security-updates,0
https://www.walmart.com/blog/post/announcement-release,0
http://microsoft-verify-support.buzz:8080/account/update-password.html,1
http://bankofamerica.com.login-secure-portal-check612.tk/auth/login.php,1
https://www.medium.com/documentation/v2/api-reference,0
http://secure-netflix-online-confirm-verification-center-notice.buzz/webscr?cmd=account&token=596067,1
https://www.microsoft.com/products/category/item?id=98721&ref=home,0
http://secure-amazon-online-secure-verification-center-notice.click/webscr?cmd=password&token=121078,1
https://www.oracle.com/products/category/item?id=98721&ref=home,0
http://207.75.133.7/coinbase/security.php?id=23606&verify=true,1
https://www.stackoverflow.com/articles/2026/05/security-updates,0
https://www.tableau.com/products/category/item?id=98721&ref=home,0
http://wells-fargo.com.security-bank-portal-check40.work/auth/login.php,1
https://www.cnn.com/documentation/v2/api-reference,0
https://www.apple.com/documentation/v2/api-reference,0
http://secure-appleid-online-wallet-verification-center-notice.loan/webscr?cmd=secure&token=465101,1
https://www.weather.com/search?q=machine+learning+tutorial,0
https://react.dev/products/category/item?id=98721&ref=home,0
http://bankofamerica-security-support.top:8080/account/update-password.html,1
https://www.spotify.com/products/category/item?id=98721&ref=home,0
https://portal.azure.com/articles/2026/05/security-updates,0
https://www.coursera.org/learn/machine-learning/products/category/item?id=98721&ref=home,0
https://developer.apple.com/documentation/articles/2026/05/security-updates,0
http://secure-appleid-online-update-verification-center-notice.club/webscr?cmd=wallet&token=410242,1
https://www.indeed.com/articles/2026/05/security-updates,0
https://www.dropbox.com/documentation/v2/api-reference,0
http://www.google.com-support-account-recovery-centre.top/web/login,1
http://appleid-bank-support.work:8080/account/update-password.html,1
http://134.194.180.223/microsoft/wallet.php?id=93046&login=true,1
https://www.yelp.com/products/category/item?id=98721&ref=home,0
http://secure-login-verification-portal-992182.ga/account/verify,1
http://bankofamerica-login-support.tk:8080/account/update-password.html,1
http://102.166.203.139/chase/password.php?id=33686&password=true,1
http://secure-coinbase-online-login-verification-center-notice.xyz/webscr?cmd=login&token=112795,1
https://www.bankofamerica.com,0
https://www.dropbox.com/products/category/item?id=98721&ref=home,0
https://getbootstrap.com/blog/post/announcement-release,0
http://coinbase.com.account-confirm-portal-check346.loan/auth/login.php,1
http://197.109.220.57/appleid/wallet.php?id=80373&confirm=true,1
https://www.linkedin.com/documentation/v2/api-reference,0
http://paypal-verification-account-security-update.xyz/webscr?cmd=login_submit,1
http://amazon-account-support.work:8080/account/update-password.html,1
http://secure-chase-online-secure-verification-center-notice.click/webscr?cmd=bank&token=850127,1
http://appleid-bank-support.fit:8080/account/update-password.html,1
http://51.235.60.149/microsoft/security.php?id=46192&account=true,1
http://bankofamerica-wallet-support.vip:8080/account/update-password.html,1
https://www.twitch.tv/documentation/v2/api-reference,0
http://172.16.254.1/chase/login.php?account_id=9871&token=abc,1
https://www.ox.ac.uk/documentation/v2/api-reference,0
https://aws.amazon.com/console/search?q=machine+learning+tutorial,0
http://126.72.175.219/netflix/verify.php?id=82937&verify=true,1
https://www.twitter.com/search?q=machine+learning+tutorial,0
https://www.mit.edu/articles/2026/05/security-updates,0
http://microsoft-update-support.ml:8080/account/update-password.html,1
https://www.ebay.com/documentation/v2/api-reference,0
https://www.twitch.tv,0
https://www.google.com/search?q=machine+learning+tutorial,0
http://fedex-parcel-pending-delivery-verification.top/confirm-address,1
http://secure-amazon-online-confirm-verification-center-notice.top/webscr?cmd=confirm&token=181748,1
https://www.instagram.com/search?q=machine+learning+tutorial,0
https://workspace.google.com/blog/post/announcement-release,0
http://secure-google-online-password-verification-center-notice.buzz/webscr?cmd=wallet&token=698419,1
https://www.postgresql.org/docs/blog/post/announcement-release,0
http://netflix.com.bank-verify-portal-check542.buzz/auth/login.php,1
http://microsoft.com.confirm-confirm-portal-check182.loan/auth/login.php,1
http://secure-netflix-online-bank-verification-center-notice.club/webscr?cmd=secure&token=210534,1
http://appleid.com.wallet-secure-portal-check527.xyz/auth/login.php,1
https://news.ycombinator.com/search?q=machine+learning+tutorial,0
https://www.who.int/blog/post/announcement-release,0
http://amazon-password-support.top:8080/account/update-password.html,1
https://www.sciencedirect.com/articles/2026/05/security-updates,0
https://www.nytimes.com/blog/post/announcement-release,0
https://www.paypal.com/signin/search?q=machine+learning+tutorial,0
http://google.com.account-login-portal-check386.xyz/auth/login.php,1
https://www.monster.com/search?q=machine+learning+tutorial,0
http://secure-appleid-online-verify-verification-center-notice.buzz/webscr?cmd=wallet&token=970871,1
http://google-login-support.work:8080/account/update-password.html,1
https://www.instagram.com/products/category/item?id=98721&ref=home,0
http://secure-amazon-online-password-verification-center-notice.work/webscr?cmd=login&token=338585,1
http://secure-coinbase-online-update-verification-center-notice.tk/webscr?cmd=security&token=516469,1
https://www.mit.edu/blog/post/announcement-release,0
http://120.187.80.244/amazon/update.php?id=23548&verify=true,1
https://www.wellsfargo.com/search?q=machine+learning+tutorial,0
https://getbootstrap.com/products/category/item?id=98721&ref=home,0
http://appleid.com.security-security-portal-check696.top/auth/login.php,1
https://www.atlassian.com/software/jira/documentation/v2/api-reference,0
http://secure-wells-fargo-online-security-verification-center-notice.vip/webscr?cmd=account&token=300800,1
http://secure-appleid-online-update-verification-center-notice.vip/webscr?cmd=update&token=863845,1
https://arxiv.org/abs/2301.00001/products/category/item?id=98721&ref=home,0
https://www.amazon.com/articles/2026/05/security-updates,0
http://118.250.250.57/netflix/bank.php?id=83323&security=true,1
https://www.reddit.com/blog/post/announcement-release,0
http://microsoft-secure-support.vip:8080/account/update-password.html,1
https://help.netflix.com/articles/2026/05/security-updates,0
http://coinbase.com.wallet-secure-portal-check935.loan/auth/login.php,1
http://158.112.34.169/google/update.php?id=57435&secure=true,1
https://slack.com/workspace/blog/post/announcement-release,0
http://coinbase.com.confirm-confirm-portal-check30.top/auth/login.php,1
https://www.uber.com/documentation/v2/api-reference,0
http://netflix.com.security-bank-portal-check22.buzz/auth/login.php,1
http://114.24.81.92/bankofamerica/update.php?id=10276&account=true,1
http://netflix.com.bank-bank-portal-check46.vip/auth/login.php,1
https://www.yahoo.com/products/category/item?id=98721&ref=home,0
https://www.pinterest.com/articles/2026/05/security-updates,0
https://www.khanacademy.org/blog/post/announcement-release,0
http://secure-amazon-online-confirm-verification-center-notice.work/webscr?cmd=verify&token=691785,1
http://google-account-support.top:8080/account/update-password.html,1
http://coinbase.com.secure-security-portal-check725.club/auth/login.php,1
http://google.com.account-confirm-portal-check655.buzz/auth/login.php,1
http://secure-coinbase-online-wallet-verification-center-notice.click/webscr?cmd=wallet&token=573287,1
https://developer.apple.com/documentation/documentation/v2/api-reference,0
https://www.cnn.com/search?q=machine+learning+tutorial,0
http://www.microsoft.com.security-alert-threat-protection.club/signin.php,1
http://83.138.49.100/bankofamerica/secure.php?id=28064&wallet=true,1
http://112.177.138.60/wells-fargo/login.php?id=99758&update=true,1
https://www.oracle.com/blog/post/announcement-release,0
http://it-helpdesk-urgent-system-upgrade-credentials.click/verify,1
http://bankofamerica-security-support.xyz:8080/account/update-password.html,1
http://netflix-login-support.tk:8080/account/update-password.html,1
http://coinbase.com.confirm-secure-portal-check384.xyz/auth/login.php,1
https://www.glassdoor.com/blog/post/announcement-release,0
http://chase.com.secure-verify-portal-check143.ml/auth/login.php,1
http://secure-wells-fargo-online-secure-verification-center-notice.buzz/webscr?cmd=password&token=422872,1
http://secure-appleid-online-update-verification-center-notice.xyz/webscr?cmd=security&token=604745,1
https://www.facebook.com/blog/post/announcement-release,0
https://www.bankofamerica.com/articles/2026/05/security-updates,0
https://arxiv.org/abs/2301.00001/search?q=machine+learning+tutorial,0
https://www.salesforce.com/documentation/v2/api-reference,0
http://appleid-password-support.top:8080/account/update-password.html,1
http://121.215.132.30/appleid/bank.php?id=81648&bank=true,1
https://www.spotify.com/search?q=machine+learning+tutorial,0
https://www.dropbox.com/articles/2026/05/security-updates,0
http://microsoft-secure-support.buzz:8080/account/update-password.html,1
http://netflix-password-support.fit:8080/account/update-password.html,1
http://bankofamerica-customer-security-support.work/update-billing.php,1
https://www.quora.com,0
https://news.ycombinator.com/articles/2026/05/security-updates,0
https://learn.microsoft.com/search?q=machine+learning+tutorial,0
https://www.mit.edu,0
http://appleid-update-support.club:8080/account/update-password.html,1
http://98.248.233.6/wells-fargo/password.php?id=92868&login=true,1
http://33.20.202.61/wells-fargo/login.php?id=76003&security=true,1
http://secure-google-online-login-verification-center-notice.work/webscr?cmd=confirm&token=243351,1
https://www.tripadvisor.com/articles/2026/05/security-updates,0
https://www.berkeley.edu,0
https://www.twitter.com/documentation/v2/api-reference,0
https://web.dev/products/category/item?id=98721&ref=home,0
https://www.bbc.com/news/articles/2026/05/security-updates,0
http://chase.com.login-account-portal-check517.buzz/auth/login.php,1
https://www.imdb.com/documentation/v2/api-reference,0
https://www.facebook.com/search?q=machine+learning+tutorial,0
https://www.yelp.com/articles/2026/05/security-updates,0
https://www.instagram.com,0
https://www.spotify.com/blog/post/announcement-release,0
https://www.zillow.com,0
https://www.yelp.com/blog/post/announcement-release,0
http://netflix.com.password-verify-portal-check957.work/auth/login.php,1
http://netflix-wallet-support.vip:8080/account/update-password.html,1
http://chase-account-support.loan:8080/account/update-password.html,1
http://167.196.233.171/google/wallet.php?id=93297&update=true,1
https://www.w3schools.com,0
http://netflix-password-support.click:8080/account/update-password.html,1
https://www.oracle.com/articles/2026/05/security-updates,0
http://104.240.52.176/netflix/account.php?id=83214&update=true,1
http://78.173.9.126/appleid/verify.php?id=65403&password=true,1
http://secure-netflix-online-account-verification-center-notice.click/webscr?cmd=bank&token=808402,1
https://pypi.org/project/fastapi/documentation/v2/api-reference,0
https://www.wikipedia.org/products/category/item?id=98721&ref=home,0
https://www.oracle.com,0
http://microsoft.com.bank-update-portal-check475.top/auth/login.php,1
https://www.tableau.com/blog/post/announcement-release,0
http://27.228.210.114/microsoft/confirm.php?id=22951&password=true,1
https://www.cam.ac.uk/search?q=machine+learning+tutorial,0
https://docs.python.org/3/library/articles/2026/05/security-updates,0
https://www.yahoo.com/articles/2026/05/security-updates,0
http://amazon.com.account-secure-portal-check298.ml/auth/login.php,1
http://chase.com.confirm-login-portal-check412.xyz/auth/login.php,1
http://secure-paypal-online-bank-verification-center-notice.top/webscr?cmd=confirm&token=529304,1
https://www.berkeley.edu/products/category/item?id=98721&ref=home,0
https://getbootstrap.com/articles/2026/05/security-updates,0
http://102.50.141.14/wells-fargo/update.php?id=17933&wallet=true,1
http://google-confirm-support.work:8080/account/update-password.html,1
http://netflix.com.security-update-portal-check945.fit/auth/login.php,1
https://www.reddit.com/products/category/item?id=98721&ref=home,0
http://secure-coinbase-online-update-verification-center-notice.xyz/webscr?cmd=login&token=951887,1
http://bankofamerica.com.login-security-portal-check87.buzz/auth/login.php,1
https://www.ebay.com/products/category/item?id=98721&ref=home,0
http://netflix.com.update-confirm-portal-check508.loan/auth/login.php,1
http://netflix-secure-support.xyz:8080/account/update-password.html,1
http://166.99.213.5/wells-fargo/password.php?id=58180&secure=true,1
https://support.google.com/blog/post/announcement-release,0
http://secure-paypal-online-password-verification-center-notice.loan/webscr?cmd=secure&token=868331,1
http://microsoft-verify-support.xyz:8080/account/update-password.html,1
http://secure-appleid-online-confirm-verification-center-notice.top/webscr?cmd=confirm&token=800900,1
http://wells-fargo-bank-support.top:8080/account/update-password.html,1
http://secure-appleid-online-bank-verification-center-notice.work/webscr?cmd=wallet&token=846820,1
https://www.weather.com/documentation/v2/api-reference,0
https://www.bbc.com/news/search?q=machine+learning+tutorial,0
http://secure-bankofamerica-online-password-verification-center-notice.vip/webscr?cmd=update&token=569017,1
http://coinbase.com.security-update-portal-check201.loan/auth/login.php,1
https://www.espn.com,0
http://32.4.106.67/amazon/verify.php?id=34733&bank=true,1
http://146.74.80.169/chase/password.php?id=82622&security=true,1
http://58.55.179.228/netflix/login.php?id=51893&bank=true,1
http://88.238.35.148/coinbase/password.php?id=86697&account=true,1
http://162.205.67.29/google/login.php?id=60541&wallet=true,1
http://secure-appleid-online-account-verification-center-notice.buzz/webscr?cmd=verify&token=630954,1
http://secure-appleid-online-wallet-verification-center-notice.vip/webscr?cmd=secure&token=441493,1
https://www.cnn.com/products/category/item?id=98721&ref=home,0
http://bankofamerica.com.password-verify-portal-check207.work/auth/login.php,1
http://80.241.39.137/amazon/login.php?id=89193&update=true,1
https://help.netflix.com/blog/post/announcement-release,0
https://www.adobe.com/documentation/v2/api-reference,0
https://pypi.org/project/fastapi/search?q=machine+learning+tutorial,0
http://secure-microsoft-online-password-verification-center-notice.loan/webscr?cmd=wallet&token=233487,1
http://coinbase-wallet-support.tk:8080/account/update-password.html,1
https://www.twitch.tv/articles/2026/05/security-updates,0
https://www.figma.com/articles/2026/05/security-updates,0
https://www.notion.so/blog/post/announcement-release,0
http://office365-password-expiration-warning-keep-password.top/login,1
https://www.nationalgeographic.com/search?q=machine+learning+tutorial,0
http://161.92.234.89/netflix/account.php?id=74281&wallet=true,1
http://wells-fargo.com.account-wallet-portal-check33.vip/auth/login.php,1
http://google-account-support.ml:8080/account/update-password.html,1
https://www.dropbox.com/blog/post/announcement-release,0
https://www.instagram.com/blog/post/announcement-release,0
https://www.cnn.com/articles/2026/05/security-updates,0
https://slack.com/workspace/articles/2026/05/security-updates,0
http://secure-microsoft-online-secure-verification-center-notice.click/webscr?cmd=secure&token=308728,1
https://www.target.com/documentation/v2/api-reference,0
http://coinbase-update-support.top:8080/account/update-password.html,1
http://appleid.com.password-verify-portal-check532.fit/auth/login.php,1
http://paypal-security-support.ml:8080/account/update-password.html,1
https://docs.python.org/3/library/search?q=machine+learning+tutorial,0
https://www.youtube.com/products/category/item?id=98721&ref=home,0
https://www.bbc.com/news/documentation/v2/api-reference,0
https://www.yahoo.com,0
https://vuejs.org/products/category/item?id=98721&ref=home,0
http://secure-wells-fargo-online-security-verification-center-notice.fit/webscr?cmd=secure&token=365175,1
https://www.salesforce.com/articles/2026/05/security-updates,0
https://news.ycombinator.com/documentation/v2/api-reference,0
http://wells-fargo-account-support.work:8080/account/update-password.html,1
http://bankofamerica.com.confirm-security-portal-check633.work/auth/login.php,1
http://microsoft.com.secure-wallet-portal-check42.ml/auth/login.php,1
https://www.monster.com/articles/2026/05/security-updates,0
http://cpanel-webmail-update-storage-quota.work/login.html,1
http://paypal-account-support.work:8080/account/update-password.html,1
http://secure-microsoft-online-password-verification-center-notice.tk/webscr?cmd=update&token=500126,1
http://chase-confirm-support.work:8080/account/update-password.html,1
https://workspace.google.com/search?q=machine+learning+tutorial,0
http://netflix-billing-subscription-failed-update.top/user/payment,1
https://www.ibm.com/cloud/documentation/v2/api-reference,0
http://secure-chase-online-confirm-verification-center-notice.vip/webscr?cmd=update&token=909101,1
https://www.notion.so,0
https://www.cnn.com,0
http://201.215.149.244/paypal/wallet.php?id=45888&security=true,1
https://getbootstrap.com/search?q=machine+learning+tutorial,0
http://google.com.password-security-portal-check10.top/auth/login.php,1
http://wells-fargo.com.security-login-portal-check618.loan/auth/login.php,1
http://139.105.107.130/bankofamerica/update.php?id=65858&wallet=true,1
http://www-paypal-com.webscr-cmd-login-run-verification.top/signin,1
http://appleid.com.security-wallet-portal-check618.vip/auth/login.php,1
http://secure-bankofamerica-online-account-verification-center-notice.loan/webscr?cmd=login&token=968165,1
https://www.zillow.com/search?q=machine+learning+tutorial,0
http://appleid.apple.com.id-verify-portal-notice.work/sign-in,1
http://coinbase.com.security-login-portal-check976.loan/auth/login.php,1
https://developer.apple.com/documentation/products/category/item?id=98721&ref=home,0
http://appleid-login-support.xyz:8080/account/update-password.html,1
http://163.103.249.234/microsoft/wallet.php?id=32935&bank=true,1
http://203.240.215.135/microsoft/security.php?id=85076&account=true,1
https://www.nytimes.com/documentation/v2/api-reference,0
https://www.nytimes.com/products/category/item?id=98721&ref=home,0
http://bankofamerica-security-support.ml:8080/account/update-password.html,1
http://secure-paypal-online-password-verification-center-notice.ml/webscr?cmd=login&token=387215,1
https://www.harvard.edu/documentation/v2/api-reference,0
https://slack.com/workspace,0
http://secure-appleid-online-confirm-verification-center-notice.vip/webscr?cmd=secure&token=926399,1
http://100.228.28.82/netflix/secure.php?id=75541&bank=true,1
http://wells-fargo.com.update-password-portal-check207.fit/auth/login.php,1
http://netflix.com.password-update-portal-check851.tk/auth/login.php,1
https://tailwindcss.com/docs/articles/2026/05/security-updates,0
https://www.spotify.com,0
http://appleid.apple.com.manage-id-recovery-security.buzz/verify,1
https://www.wellsfargo.com/blog/post/announcement-release,0
http://140.1.66.204/coinbase/confirm.php?id=99171&account=true,1
http://secure-bankofamerica-online-verify-verification-center-notice.top/webscr?cmd=wallet&token=616357,1
https://www.ebay.com/blog/post/announcement-release,0
http://paypal.com.verify-login-portal-check251.work/auth/login.php,1
https://cloud.google.com/products/documentation/v2/api-reference,0
https://www.cisco.com/blog/post/announcement-release,0
http://wells-fargo.com.login-verify-portal-check258.top/auth/login.php,1
https://www.atlassian.com/software/jira/search?q=machine+learning+tutorial,0
https://www.paypal.com/signin/products/category/item?id=98721&ref=home,0
https://www.walmart.com/search?q=machine+learning+tutorial,0
http://secure-netflix-online-bank-verification-center-notice.xyz/webscr?cmd=wallet&token=925112,1
https://www.udemy.com/course/python-programming,0
http://paypal-verify-support.fit:8080/account/update-password.html,1
https://gitlab.com,0
http://secure-chase-online-wallet-verification-center-notice.club/webscr?cmd=update&token=258246,1
https://developer.mozilla.org/en-US/documentation/v2/api-reference,0
http://wells-fargo.com.password-security-portal-check500.loan/auth/login.php,1
https://www.google.com/articles/2026/05/security-updates,0
https://www.adobe.com/search?q=machine+learning+tutorial,0
http://chase-security-support.work:8080/account/update-password.html,1
http://chase.com.verify-account-portal-check26.top/auth/login.php,1
http://147.244.23.7/google/security.php?id=62495&security=true,1
https://www.postgresql.org/docs/documentation/v2/api-reference,0
http://103.162.204.133/microsoft/login.php?id=80702&bank=true,1
http://secure-microsoft-online-update-verification-center-notice.top/webscr?cmd=wallet&token=914644,1
https://www.sciencedirect.com/blog/post/announcement-release,0
http://amazon-wallet-support.click:8080/account/update-password.html,1
http://secure-wells-fargo-online-secure-verification-center-notice.buzz/webscr?cmd=wallet&token=118963,1
http://google-verify-support.club:8080/account/update-password.html,1
http://tinyurl.com/secure-login-bank-verify?token=948210,1
http://billing-update-required-netflix.gq/login?session_id=89231,1
http://paypal-update-support.fit:8080/account/update-password.html,1
http://chase-confirm-support.club:8080/account/update-password.html,1
http://81.236.100.11/google/secure.php?id=34685&security=true,1
http://135.225.161.216/microsoft/login.php?id=42614&secure=true,1
http://netflix-bank-support.xyz:8080/account/update-password.html,1
https://www.realtor.com/search?q=machine+learning+tutorial,0
http://google.com.password-confirm-portal-check992.tk/auth/login.php,1
https://www.weather.com/articles/2026/05/security-updates,0
https://www.booking.com/products/category/item?id=98721&ref=home,0
http://netflix.com.security-bank-portal-check867.xyz/auth/login.php,1
https://www.lyft.com,0
http://google.com.secure-wallet-portal-check679.xyz/auth/login.php,1
http://secure-chase-online-login-verification-center-notice.buzz/webscr?cmd=update&token=395562,1
https://www.w3schools.com/search?q=machine+learning+tutorial,0
https://www.medium.com/blog/post/announcement-release,0
http://171.172.139.204/chase/verify.php?id=37631&password=true,1
https://www.indeed.com/blog/post/announcement-release,0
http://amazon-secure-support.club:8080/account/update-password.html,1
http://appleid.com.wallet-security-portal-check963.work/auth/login.php,1
http://microsoft.com.confirm-bank-portal-check505.ml/auth/login.php,1
http://secure-netflix-online-secure-verification-center-notice.loan/webscr?cmd=confirm&token=198431,1
https://www.target.com/products/category/item?id=98721&ref=home,0
https://bitbucket.org/products/category/item?id=98721&ref=home,0
http://172.127.220.7/google/account.php?id=76940&bank=true,1
https://www.atlassian.com/software/jira/articles/2026/05/security-updates,0
http://secure-coinbase-online-wallet-verification-center-notice.vip/webscr?cmd=confirm&token=744302,1
http://43.129.170.115/chase/secure.php?id=18311&verify=true,1
http://secure-wells-fargo-online-update-verification-center-notice.work/webscr?cmd=confirm&token=188419,1
http://98.245.248.182/microsoft/wallet.php?id=49678&security=true,1
http://facebook-security-check-login-confirmation.fit/checkpoint,1
http://secure-coinbase-online-account-verification-center-notice.xyz/webscr?cmd=security&token=693454,1
http://22.124.7.227/wells-fargo/password.php?id=31142&bank=true,1
http://appleid.com.update-login-portal-check403.click/auth/login.php,1
https://www.bing.com/products/category/item?id=98721&ref=home,0
http://google.com.security-confirm-portal-check488.top/auth/login.php,1
https://slack.com/workspace/search?q=machine+learning+tutorial,0
https://support.google.com/search?q=machine+learning+tutorial,0
http://secure-microsoft-online-login-verification-center-notice.vip/webscr?cmd=login&token=487677,1
http://secure-coinbase-online-confirm-verification-center-notice.click/webscr?cmd=secure&token=167323,1
http://wells-fargo.com.security-secure-portal-check227.club/auth/login.php,1
http://coinbase-update-support.fit:8080/account/update-password.html,1
https://www.walmart.com/products/category/item?id=98721&ref=home,0
https://www.chase.com/products/category/item?id=98721&ref=home,0
http://microsoft.com.password-password-portal-check162.vip/auth/login.php,1
https://www.yahoo.com/search?q=machine+learning+tutorial,0
http://36.208.199.199/google/confirm.php?id=98711&verify=true,1
https://docs.python.org/3/library/products/category/item?id=98721&ref=home,0
https://hub.docker.com,0
https://www.cisco.com,0
https://www.notion.so/search?q=machine+learning+tutorial,0
https://bitbucket.org/articles/2026/05/security-updates,0
https://www.forbes.com/search?q=machine+learning+tutorial,0
http://paypal.com.security-password-portal-check789.top/auth/login.php,1
http://appleid-security-support.fit:8080/account/update-password.html,1
https://www.tripadvisor.com/search?q=machine+learning+tutorial,0
https://www.netflix.com/search?q=machine+learning+tutorial,0
https://www.facebook.com/products/category/item?id=98721&ref=home,0
http://bankofamerica-account-support.xyz:8080/account/update-password.html,1
https://learn.microsoft.com,0
https://hub.docker.com/articles/2026/05/security-updates,0
https://www.spotify.com/articles/2026/05/security-updates,0
http://58.95.54.131/microsoft/password.php?id=27780&login=true,1
https://developer.mozilla.org/en-US,0
http://wells-fargo.com.secure-secure-portal-check796.vip/auth/login.php,1
http://coinbase-verify-support.loan:8080/account/update-password.html,1
http://appleid-password-support.club:8080/account/update-password.html,1
https://www.who.int/articles/2026/05/security-updates,0
https://www.ibm.com/cloud/articles/2026/05/security-updates,0
http://secure-amazon-online-security-verification-center-notice.buzz/webscr?cmd=wallet&token=421089,1
https://vuejs.org/blog/post/announcement-release,0
http://paypal.com.confirm-verify-portal-check46.vip/auth/login.php,1
https://aws.amazon.com/console/blog/post/announcement-release,0
http://amazon.com.password-login-portal-check156.club/auth/login.php,1
https://www.walmart.com/documentation/v2/api-reference,0
https://www.bbc.com/news/blog/post/announcement-release,0
http://164.3.70.73/coinbase/secure.php?id=47298&wallet=true,1
https://www.atlassian.com/software/jira/blog/post/announcement-release,0
http://181.218.221.120/wells-fargo/secure.php?id=32360&account=true,1
http://google-password-support.buzz:8080/account/update-password.html,1
https://www.glassdoor.com/articles/2026/05/security-updates,0
http://173.161.106.120/bankofamerica/security.php?id=69407&secure=true,1
http://83.155.34.118/appleid/account.php?id=14600&verify=true,1
http://bankofamerica-password-support.loan:8080/account/update-password.html,1
https://www.target.com/articles/2026/05/security-updates,0
https://www.reddit.com/search?q=machine+learning+tutorial,0
http://google.com.wallet-security-portal-check835.top/auth/login.php,1
https://help.netflix.com/search?q=machine+learning+tutorial,0
http://secure-paypal-online-verify-verification-center-notice.loan/webscr?cmd=secure&token=717522,1
https://www.medium.com/articles/2026/05/security-updates,0
http://paypal-bank-support.top:8080/account/update-password.html,1
https://www.glassdoor.com,0
http://appleid.com.account-confirm-portal-check381.xyz/auth/login.php,1
https://www.khanacademy.org/articles/2026/05/security-updates,0
https://www.facebook.com/articles/2026/05/security-updates,0
https://www.sciencedirect.com/documentation/v2/api-reference,0
http://192.168.1.105/paypal/signin.html?cmd=_login-run&dispatch=5885d80a13c0db1f,1
https://gitlab.com/documentation/v2/api-reference,0
https://www.espn.com/search?q=machine+learning+tutorial,0
http://appleid.com.verify-bank-portal-check992.club/auth/login.php,1
https://www.amazon.com/products/category/item?id=98721&ref=home,0
http://amazon.com.update-bank-portal-check366.click/auth/login.php,1
http://paypal.com.secure-bank-portal-check812.vip/auth/login.php,1
http://secure-appleid-online-wallet-verification-center-notice.ml/webscr?cmd=account&token=402830,1
https://www.indeed.com/search?q=machine+learning+tutorial,0
http://86.199.196.194/amazon/secure.php?id=85751&login=true,1
http://amazon.com.verify-wallet-portal-check567.click/auth/login.php,1
http://amazon-verify-support.fit:8080/account/update-password.html,1
https://www.spotify.com/documentation/v2/api-reference,0
http://secure-appleid-online-wallet-verification-center-notice.vip/webscr?cmd=verify&token=612222,1
http://secure-netflix-online-confirm-verification-center-notice.fit/webscr?cmd=wallet&token=168411,1
https://www.yelp.com,0
http://secure-amazon-online-verify-verification-center-notice.club/webscr?cmd=wallet&token=354294,1
https://web.dev,0
http://108.172.12.8/amazon/account.php?id=45068&wallet=true,1
http://wells-fargo-login-support.buzz:8080/account/update-password.html,1
https://www.salesforce.com,0
https://www.amazon.com/documentation/v2/api-reference,0
https://angular.io/documentation/v2/api-reference,0
https://cloud.google.com/products,0
http://netflix.com.password-login-portal-check795.vip/auth/login.php,1
https://gitlab.com/articles/2026/05/security-updates,0
http://secure-coinbase-online-wallet-verification-center-notice.tk/webscr?cmd=security&token=127784,1
https://www.harvard.edu/articles/2026/05/security-updates,0
http://23.145.137.248/appleid/login.php?id=48639&security=true,1
https://www.bankofamerica.com/search?q=machine+learning+tutorial,0
http://paypal.com.login-password-portal-check922.ml/auth/login.php,1
http://secure-amazon-online-confirm-verification-center-notice.fit/webscr?cmd=update&token=405210,1
https://www.stackoverflow.com/documentation/v2/api-reference,0
https://www.cdc.gov,0
https://tailwindcss.com/docs/search?q=machine+learning+tutorial,0
https://www.paypal.com/signin/articles/2026/05/security-updates,0
http://15.191.250.58/google/login.php?id=52885&update=true,1
http://paypal.com.bank-password-portal-check89.top/auth/login.php,1
http://secure-bankofamerica-online-bank-verification-center-notice.work/webscr?cmd=confirm&token=197060,1
http://microsoft.com.security-security-portal-check517.work/auth/login.php,1
http://chase-login-support.loan:8080/account/update-password.html,1
